{
  "Name": "easyhits4u_linux",
  "CreationDate": "2024-2-25",
  "Commands": [
    {
      "Command": "store",
      "Target": "true",
      "Value": "!errorignore",
      "Description": ""
    },
    {
      "Command": "XDesktopAutomation",
      "Target": "true",
      "Value": "",
      "Description": ""
    },
    {
      "Command": "store",
      "Target": "15",
      "Value": "!timeout_wait",
      "Description": ""
    },
    {
      "Command": "label",
      "Target": "reload",
      "Value": "",
      "Description": ""
    },
    {
      "Command": "XRunAndWait",
      "Target": "/usr/bin/python3",
      "Value": "/home/tch/Downloads/movetoopenweb.py",
      "Description": ""
    },
    {
      "Command": "XType",
      "Target": "https://www.easyhits4u.com/?ref=tsoichinghin",
      "Value": "",
      "Description": ""
    },
    {
      "Command": "XType",
      "Target": "${KEY_ENTER}",
      "Value": "",
      "Description": ""
    },
    {
      "Command": "pause",
      "Target": "3000",
      "Value": "",
      "Description": ""
    },
    {
      "Command": "click",
      "Target": "linkText=Sign Up",
      "Value": "",
      "Description": ""
    },
    {
      "Command": "pause",
      "Target": "3000",
      "Value": "",
      "Description": ""
    },
    {
      "Command": "executeScript_Sandbox",
      "Target": "function randomTimes(minTimes, maxTimes) {\n    return minTimes + Math.floor(Math.random() * (maxTimes - minTimes + 1));\n}\n\nvar TimesA = { min: 3, max: 4, probability: 0.35 };\nvar TimesB = { min: 5, max: 6, probability: 0.4 };\nvar TimesC = { min: 7, max: 8, probability: 0.25 };\n\nvar randomNo = Math.random();\nvar selectedTimes;\n\nif (randomNo <= TimesA.probability) {\n    selectedTimes = randomTimes(TimesA.min, TimesA.max);\n} else if (randomNo > TimesA.probability && randomNo <= (TimesA.probability + TimesB.probability)) {\n    selectedTimes = randomTimes(TimesB.min, TimesB.max);\n} else {\n    selectedTimes = randomTimes(TimesC.min, TimesC.max);\n}\n\nreturn selectedTimes;\n",
      "Value": "t",
      "Description": ""
    },
    {
      "Command": "echo",
      "Target": "${t}",
      "Value": "green",
      "Description": ""
    },
    {
      "Command": "times",
      "Target": "t",
      "Value": "",
      "Description": ""
    },
    {
      "Command": "XRunAndWait",
      "Target": "/usr/bin/python3",
      "Value": "/home/tch/Downloads/move.py",
      "Description": ""
    },
    {
      "Command": "end",
      "Target": "",
      "Value": "",
      "Description": ""
    },
    {
      "Command": "XRunAndWait",
      "Target": "/usr/bin/python3",
      "Value": "/home/tch/Downloads/movetocheck.py",
      "Description": ""
    },
    {
      "Command": "pause",
      "Target": "10000",
      "Value": "",
      "Description": ""
    },
    {
      "Command": "visualVerify",
      "Target": "verify.png",
      "Value": "",
      "Description": ""
    },
    {
      "Command": "if",
      "Target": "${!LASTCOMMANDOK} == true",
      "Value": "",
      "Description": ""
    },
    {
      "Command": "gotoLabel",
      "Target": "type",
      "Value": "",
      "Description": ""
    },
    {
      "Command": "else",
      "Target": "",
      "Value": "",
      "Description": ""
    },
    {
      "Command": "gotoLabel",
      "Target": "reload",
      "Value": "",
      "Description": ""
    },
    {
      "Command": "end",
      "Target": "",
      "Value": "",
      "Description": ""
    },
    {
      "Command": "label",
      "Target": "type",
      "Value": "",
      "Description": ""
    },
    {
      "Command": "csvRead",
      "Target": "ss1.csv",
      "Value": "",
      "Description": ""
    },
    {
      "Command": "type",
      "Target": "xpath=//input[7]",
      "Value": "${!COL1}",
      "Description": ""
    },
    {
      "Command": "type",
      "Target": "id=login",
      "Value": "${!COL1}",
      "Description": ""
    },
    {
      "Command": "csvRead",
      "Target": "ss1email.csv",
      "Value": "",
      "Description": ""
    },
    {
      "Command": "type",
      "Target": "xpath=//input[8]",
      "Value": "${!COL1}",
      "Description": ""
    },
    {
      "Command": "type",
      "Target": "id=pass",
      "Value": "#Ts68499135",
      "Description": ""
    },
    {
      "Command": "type",
      "Target": "id=cpass",
      "Value": "#Ts68499135",
      "Description": ""
    },
    {
      "Command": "XClick",
      "Target": "signup_dpi_96.png",
      "Value": "",
      "Description": ""
    },
    {
      "Command": "XClick",
      "Target": "closead_dpi_96.png",
      "Value": "",
      "Description": ""
    },
    {
      "Command": "XClick",
      "Target": "okaygotit_dpi_96.png",
      "Value": "",
      "Description": ""
    },
    {
      "Command": "pause",
      "Target": "600000",
      "Value": "",
      "Description": ""
    },
    {
      "Command": "click",
      "Target": "linkText=re-request activation link",
      "Value": "",
      "Description": ""
    },
    {
      "Command": "",
      "Target": "",
      "Value": "",
      "Description": ""
    },
    {
      "Command": "selectWindow",
      "Target": "tab=1",
      "Value": "",
      "Description": ""
    },
    {
      "Command": "XClick",
      "Target": "410,445",
      "Value": "",
      "Description": ""
    },
    {
      "Command": "XClick",
      "Target": "activate_dpi_96.png",
      "Value": "",
      "Description": ""
    },
    {
      "Command": "XClick",
      "Target": "visitlink.png",
      "Value": "",
      "Description": ""
    },
    {
      "Command": "selectWindow",
      "Target": "tab=close",
      "Value": "",
      "Description": ""
    },
    {
      "Command": "selectWindow",
      "Target": "tab=0",
      "Value": "",
      "Description": ""
    },
    {
      "Command": "click",
      "Target": "xpath=//*[@id=\"react-app\"]/div/div[2]/div[2]/nav/ul/li/a",
      "Value": "",
      "Description": ""
    },
    {
      "Command": "click",
      "Target": "xpath=//*[@id=\"main-html-content-react\"]/div/div[2]/div[2]/div/div/div/div/div[2]/button",
      "Value": "",
      "Description": ""
    },
    {
      "Command": "click",
      "Target": "linkText=Websites",
      "Value": "",
      "Description": ""
    },
    {
      "Command": "click",
      "Target": "id=add_new_site",
      "Value": "",
      "Description": ""
    },
    {
      "Command": "type",
      "Target": "name=url",
      "Value": "http://donkeymails.com/pages/ptppoint.php?refid=tsoichinghin",
      "Description": ""
    },
    {
      "Command": "type",
      "Target": "name=title",
      "Value": "http://donkeymails.com/pages/ptppoint.php?refid=tsoichinghin",
      "Description": ""
    },
    {
      "Command": "click",
      "Target": "xpath=//*[@id=\"add_form\"]/div[3]/button",
      "Value": "",
      "Description": ""
    },
    {
      "Command": "pause",
      "Target": "90000",
      "Value": "",
      "Description": ""
    },
    {
      "Command": "XClick",
      "Target": "sitesconfirm.png",
      "Value": "",
      "Description": ""
    },
    {
      "Command": "XClick",
      "Target": "close_dpi_96.png",
      "Value": "",
      "Description": ""
    },
    {
      "Command": "XClick",
      "Target": "surfing_dpi_96.png",
      "Value": "",
      "Description": ""
    },
    {
      "Command": "XClick",
      "Target": "okaygotit_dpi_96.png",
      "Value": "",
      "Description": ""
    },
    {
      "Command": "store",
      "Target": "2",
      "Value": "!timeout_wait",
      "Description": ""
    },
    {
      "Command": "label",
      "Target": "start",
      "Value": "",
      "Description": ""
    },
    {
      "Command": "times",
      "Target": "100",
      "Value": "",
      "Description": ""
    },
    {
      "Command": "label",
      "Target": "verifyquestion",
      "Value": "",
      "Description": ""
    },
    {
      "Command": "visualVerify",
      "Target": "ban.png",
      "Value": "",
      "Description": ""
    },
    {
      "Command": "if",
      "Target": "${!LASTCOMMANDOK} == true",
      "Value": "",
      "Description": ""
    },
    {
      "Command": "gotoLabel",
      "Target": "end",
      "Value": "",
      "Description": ""
    },
    {
      "Command": "else",
      "Target": "",
      "Value": "",
      "Description": ""
    },
    {
      "Command": "end",
      "Target": "",
      "Value": "",
      "Description": ""
    },
    {
      "Command": "visualVerify",
      "Target": "numberbox.png",
      "Value": "",
      "Description": ""
    },
    {
      "Command": "if",
      "Target": "${!LASTCOMMANDOK} == true",
      "Value": "",
      "Description": ""
    },
    {
      "Command": "gotoLabel",
      "Target": "number",
      "Value": "",
      "Description": ""
    },
    {
      "Command": "else",
      "Target": "",
      "Value": "",
      "Description": ""
    },
    {
      "Command": "gotoLabel",
      "Target": "images",
      "Value": "",
      "Description": ""
    },
    {
      "Command": "end",
      "Target": "",
      "Value": "",
      "Description": ""
    },
    {
      "Command": "label",
      "Target": "images",
      "Value": "",
      "Description": ""
    },
    {
      "Command": "pause",
      "Target": "30000",
      "Value": "",
      "Description": ""
    },
    {
      "Command": "XRunAndWait",
      "Target": "/usr/bin/python3",
      "Value": "/home/tch/Downloads/colour_api.py",
      "Description": ""
    },
    {
      "Command": "visualVerify",
      "Target": "credits.png",
      "Value": "",
      "Description": ""
    },
    {
      "Command": "if",
      "Target": "${!LASTCOMMANDOK} == true",
      "Value": "",
      "Description": ""
    },
    {
      "Command": "gotoLabel",
      "Target": "start",
      "Value": "",
      "Description": ""
    },
    {
      "Command": "else",
      "Target": "",
      "Value": "",
      "Description": ""
    },
    {
      "Command": "gotoLabel",
      "Target": "randomclick",
      "Value": "",
      "Description": ""
    },
    {
      "Command": "end",
      "Target": "",
      "Value": "",
      "Description": ""
    },
    {
      "Command": "label",
      "Target": "randomclick",
      "Value": "",
      "Description": ""
    },
    {
      "Command": "pause",
      "Target": "30000",
      "Value": "",
      "Description": ""
    },
    {
      "Command": "XClick",
      "Target": "722,151",
      "Value": "",
      "Description": ""
    },
    {
      "Command": "visualVerify",
      "Target": "wrong.png",
      "Value": "",
      "Description": ""
    },
    {
      "Command": "if",
      "Target": "${!LASTCOMMANDOK} == true",
      "Value": "",
      "Description": ""
    },
    {
      "Command": "pause",
      "Target": "30000",
      "Value": "",
      "Description": ""
    },
    {
      "Command": "XClick",
      "Target": "667,151",
      "Value": "",
      "Description": ""
    },
    {
      "Command": "visualVerify",
      "Target": "wrong.png",
      "Value": "",
      "Description": ""
    },
    {
      "Command": "if",
      "Target": "${!LASTCOMMANDOK} == true",
      "Value": "",
      "Description": ""
    },
    {
      "Command": "pause",
      "Target": "30000",
      "Value": "",
      "Description": ""
    },
    {
      "Command": "XClick",
      "Target": "612,151",
      "Value": "",
      "Description": ""
    },
    {
      "Command": "visualVerify",
      "Target": "wrong.png",
      "Value": "",
      "Description": ""
    },
    {
      "Command": "if",
      "Target": "${!LASTCOMMANDOK} == true",
      "Value": "",
      "Description": ""
    },
    {
      "Command": "pause",
      "Target": "30000",
      "Value": "",
      "Description": ""
    },
    {
      "Command": "XClick",
      "Target": "557,151",
      "Value": "",
      "Description": ""
    },
    {
      "Command": "visualVerify",
      "Target": "wrong.png",
      "Value": "",
      "Description": ""
    },
    {
      "Command": "if",
      "Target": "${!LASTCOMMANDOK} == true",
      "Value": "",
      "Description": ""
    },
    {
      "Command": "pause",
      "Target": "30000",
      "Value": "",
      "Description": ""
    },
    {
      "Command": "XClick",
      "Target": "502,151",
      "Value": "",
      "Description": ""
    },
    {
      "Command": "visualVerify",
      "Target": "wrong.png",
      "Value": "",
      "Description": ""
    },
    {
      "Command": "if",
      "Target": "${!LASTCOMMANDOK} == true",
      "Value": "",
      "Description": ""
    },
    {
      "Command": "gotoLabel",
      "Target": "number",
      "Value": "",
      "Description": ""
    },
    {
      "Command": "else",
      "Target": "",
      "Value": "",
      "Description": ""
    },
    {
      "Command": "visualVerify",
      "Target": "credits.png",
      "Value": "",
      "Description": ""
    },
    {
      "Command": "if",
      "Target": "${!LASTCOMMANDOK} == true",
      "Value": "",
      "Description": ""
    },
    {
      "Command": "gotoLabel",
      "Target": "start",
      "Value": "",
      "Description": ""
    },
    {
      "Command": "else",
      "Target": "",
      "Value": "",
      "Description": ""
    },
    {
      "Command": "gotoLabel",
      "Target": "number",
      "Value": "",
      "Description": ""
    },
    {
      "Command": "end",
      "Target": "",
      "Value": "",
      "Description": ""
    },
    {
      "Command": "end",
      "Target": "",
      "Value": "",
      "Description": ""
    },
    {
      "Command": "else",
      "Target": "",
      "Value": "",
      "Description": ""
    },
    {
      "Command": "visualVerify",
      "Target": "credits.png",
      "Value": "",
      "Description": ""
    },
    {
      "Command": "if",
      "Target": "${!LASTCOMMANDOK} == true",
      "Value": "",
      "Description": ""
    },
    {
      "Command": "gotoLabel",
      "Target": "start",
      "Value": "",
      "Description": ""
    },
    {
      "Command": "else",
      "Target": "",
      "Value": "",
      "Description": ""
    },
    {
      "Command": "gotoLabel",
      "Target": "number",
      "Value": "",
      "Description": ""
    },
    {
      "Command": "end",
      "Target": "",
      "Value": "",
      "Description": ""
    },
    {
      "Command": "end",
      "Target": "",
      "Value": "",
      "Description": ""
    },
    {
      "Command": "else",
      "Target": "",
      "Value": "",
      "Description": ""
    },
    {
      "Command": "visualVerify",
      "Target": "credits.png",
      "Value": "",
      "Description": ""
    },
    {
      "Command": "if",
      "Target": "${!LASTCOMMANDOK} == true",
      "Value": "",
      "Description": ""
    },
    {
      "Command": "gotoLabel",
      "Target": "start",
      "Value": "",
      "Description": ""
    },
    {
      "Command": "else",
      "Target": "",
      "Value": "",
      "Description": ""
    },
    {
      "Command": "gotoLabel",
      "Target": "number",
      "Value": "",
      "Description": ""
    },
    {
      "Command": "end",
      "Target": "",
      "Value": "",
      "Description": ""
    },
    {
      "Command": "end",
      "Target": "",
      "Value": "",
      "Description": ""
    },
    {
      "Command": "else",
      "Target": "",
      "Value": "",
      "Description": ""
    },
    {
      "Command": "visualVerify",
      "Target": "credits.png",
      "Value": "",
      "Description": ""
    },
    {
      "Command": "if",
      "Target": "${!LASTCOMMANDOK} == true",
      "Value": "",
      "Description": ""
    },
    {
      "Command": "gotoLabel",
      "Target": "start",
      "Value": "",
      "Description": ""
    },
    {
      "Command": "else",
      "Target": "",
      "Value": "",
      "Description": ""
    },
    {
      "Command": "gotoLabel",
      "Target": "number",
      "Value": "",
      "Description": ""
    },
    {
      "Command": "end",
      "Target": "",
      "Value": "",
      "Description": ""
    },
    {
      "Command": "end",
      "Target": "",
      "Value": "",
      "Description": ""
    },
    {
      "Command": "else",
      "Target": "",
      "Value": "",
      "Description": ""
    },
    {
      "Command": "visualVerify",
      "Target": "credits.png",
      "Value": "",
      "Description": ""
    },
    {
      "Command": "if",
      "Target": "${!LASTCOMMANDOK} == true",
      "Value": "",
      "Description": ""
    },
    {
      "Command": "gotoLabel",
      "Target": "start",
      "Value": "",
      "Description": ""
    },
    {
      "Command": "else",
      "Target": "",
      "Value": "",
      "Description": ""
    },
    {
      "Command": "gotoLabel",
      "Target": "number",
      "Value": "",
      "Description": ""
    },
    {
      "Command": "end",
      "Target": "",
      "Value": "",
      "Description": ""
    },
    {
      "Command": "end",
      "Target": "",
      "Value": "",
      "Description": ""
    },
    {
      "Command": "label",
      "Target": "number",
      "Value": "",
      "Description": ""
    },
    {
      "Command": "pause",
      "Target": "30000",
      "Value": "",
      "Description": ""
    },
    {
      "Command": "XRunAndWait",
      "Target": "/usr/bin/python3",
      "Value": "/home/tch/Downloads/ocr_api.py",
      "Description": ""
    },
    {
      "Command": "visualVerify",
      "Target": "credits.png",
      "Value": "",
      "Description": ""
    },
    {
      "Command": "if",
      "Target": "${!LASTCOMMANDOK} == true",
      "Value": "",
      "Description": ""
    },
    {
      "Command": "gotoLabel",
      "Target": "start",
      "Value": "",
      "Description": ""
    },
    {
      "Command": "else",
      "Target": "",
      "Value": "",
      "Description": ""
    },
    {
      "Command": "gotoLabel",
      "Target": "randomnumber",
      "Value": "",
      "Description": ""
    },
    {
      "Command": "end",
      "Target": "",
      "Value": "",
      "Description": ""
    },
    {
      "Command": "label",
      "Target": "randomnumber",
      "Value": "",
      "Description": ""
    },
    {
      "Command": "pause",
      "Target": "30000",
      "Value": "",
      "Description": ""
    },
    {
      "Command": "XClick",
      "Target": "665,157",
      "Value": "",
      "Description": ""
    },
    {
      "Command": "visualVerify",
      "Target": "wrong.png",
      "Value": "",
      "Description": ""
    },
    {
      "Command": "if",
      "Target": "${!LASTCOMMANDOK} == true",
      "Value": "",
      "Description": ""
    },
    {
      "Command": "pause",
      "Target": "30000",
      "Value": "",
      "Description": ""
    },
    {
      "Command": "XClick",
      "Target": "700,155",
      "Value": "",
      "Description": ""
    },
    {
      "Command": "visualVerify",
      "Target": "wrong.png",
      "Value": "",
      "Description": ""
    },
    {
      "Command": "if",
      "Target": "${!LASTCOMMANDOK} == true",
      "Value": "",
      "Description": ""
    },
    {
      "Command": "pause",
      "Target": "30000",
      "Value": "",
      "Description": ""
    },
    {
      "Command": "XClick",
      "Target": "632,151",
      "Value": "",
      "Description": ""
    },
    {
      "Command": "visualVerify",
      "Target": "wrong.png",
      "Value": "",
      "Description": ""
    },
    {
      "Command": "if",
      "Target": "${!LASTCOMMANDOK} == true",
      "Value": "",
      "Description": ""
    },
    {
      "Command": "gotoLabel",
      "Target": "verifyquestion",
      "Value": "",
      "Description": ""
    },
    {
      "Command": "else",
      "Target": "",
      "Value": "",
      "Description": ""
    },
    {
      "Command": "gotoLabel",
      "Target": "start",
      "Value": "",
      "Description": ""
    },
    {
      "Command": "end",
      "Target": "",
      "Value": "",
      "Description": ""
    },
    {
      "Command": "else",
      "Target": "",
      "Value": "",
      "Description": ""
    },
    {
      "Command": "gotoLabel",
      "Target": "start",
      "Value": "",
      "Description": ""
    },
    {
      "Command": "end",
      "Target": "",
      "Value": "",
      "Description": ""
    },
    {
      "Command": "else",
      "Target": "",
      "Value": "",
      "Description": ""
    },
    {
      "Command": "gotoLabel",
      "Target": "start",
      "Value": "",
      "Description": ""
    },
    {
      "Command": "end",
      "Target": "",
      "Value": "",
      "Description": ""
    },
    {
      "Command": "end",
      "Target": "",
      "Value": "",
      "Description": ""
    },
    {
      "Command": "store",
      "Target": "15",
      "Value": "!timeout_wait",
      "Description": ""
    },
    {
      "Command": "pause",
      "Target": "2000",
      "Value": "",
      "Description": ""
    },
    {
      "Command": "click",
      "Target": "xpath=//*[@id=\"surf_bar_layout\"]/div[2]/div[2]/div/ul/li[3]/div",
      "Value": "",
      "Description": ""
    },
    {
      "Command": "pause",
      "Target": "2000",
      "Value": "",
      "Description": ""
    },
    {
      "Command": "selectWindow",
      "Target": "tab=0",
      "Value": "",
      "Description": ""
    },
    {
      "Command": "pause",
      "Target": "2000",
      "Value": "",
      "Description": ""
    },
    {
      "Command": "selectWindow",
      "Target": "tab=close",
      "Value": "",
      "Description": ""
    },
    {
      "Command": "pause",
      "Target": "2000",
      "Value": "",
      "Description": ""
    },
    {
      "Command": "click",
      "Target": "linkText=Websites",
      "Value": "",
      "Description": ""
    },
    {
      "Command": "pause",
      "Target": "2000",
      "Value": "",
      "Description": ""
    },
    {
      "Command": "click",
      "Target": "xpath=//*[@id=\"sites_form\"]/table/tbody/tr/td[3]/div/div[2]",
      "Value": "",
      "Description": ""
    },
    {
      "Command": "pause",
      "Target": "2000",
      "Value": "",
      "Description": ""
    },
    {
      "Command": "click",
      "Target": "xpath=//*[@id=\"edit_form\"]/div/table/tbody/tr/td[2]/label/input",
      "Value": "",
      "Description": ""
    },
    {
      "Command": "pause",
      "Target": "2000",
      "Value": "",
      "Description": ""
    },
    {
      "Command": "click",
      "Target": "xpath=//*[@id=\"edit_form\"]/div/table/tfoot/tr/td[2]/button",
      "Value": "",
      "Description": ""
    },
    {
      "Command": "pause",
      "Target": "2000",
      "Value": "",
      "Description": ""
    },
    {
      "Command": "click",
      "Target": "xpath=//*[@id=\"userMenuAction\"]/span[2]",
      "Value": "",
      "Description": ""
    },
    {
      "Command": "pause",
      "Target": "2000",
      "Value": "",
      "Description": ""
    },
    {
      "Command": "click",
      "Target": "linkText=Log out",
      "Value": "",
      "Description": ""
    },
    {
      "Command": "label",
      "Target": "end",
      "Value": "",
      "Description": ""
    }
  ]
}